{"cameraMode":{"drawMode":0,"name":"Shaded","section":"Shading Mode"},"sceneLighting":false,"audioPlay":false,"sceneViewState":{"m_AlwaysRefresh":false,"showFog":true,"showSkybox":false,"showFlares":true,"showImageEffects":true,"showParticleSystems":true,"showVisualEffectGraphs":true,"m_FxEnabled":true},"in2DMode":false,"pivot":{"x":-3.4718446731567385,"y":-0.24347162246704102,"z":-1.0915899276733399},"rotation":{"x":0.12787699699401856,"y":-0.43455246090888979,"z":0.06248345226049423,"w":0.8893402814865112},"size":4.130792140960693,"orthographic":false}